{"cameraMode":{"drawMode":0,"name":"Shaded","section":"Shading Mode"},"sceneLighting":true,"audioPlay":false,"sceneViewState":{"m_AlwaysRefresh":false,"showFog":true,"showSkybox":true,"showFlares":true,"showImageEffects":true,"showParticleSystems":true,"showVisualEffectGraphs":true,"m_FxEnabled":true},"in2DMode":false,"pivot":{"x":0.985505998134613,"y":0.03150393068790436,"z":6.68180513381958},"rotation":{"x":0.0299689881503582,"y":0.041968684643507007,"z":-0.001259418437257409,"w":0.9986684322357178},"size":4.4231977462768559,"orthographic":true}