{"cameraMode":{"drawMode":0,"name":"Shaded","section":"Shading Mode"},"sceneLighting":true,"audioPlay":false,"sceneViewState":{"m_AlwaysRefresh":false,"showFog":true,"showSkybox":true,"showFlares":true,"showImageEffects":true,"showParticleSystems":true,"showVisualEffectGraphs":true,"m_FxEnabled":true},"in2DMode":false,"pivot":{"x":954.65087890625,"y":611.930419921875,"z":-131.453369140625},"rotation":{"x":-0.0044798534363508228,"y":0.09435778856277466,"z":0.00042464028229005635,"w":0.9955229163169861},"size":735.2131958007813,"orthographic":true}